/*
Navicat MySQL Data Transfer

Source Server         : local
Source Server Version : 50723
Source Host           : localhost:3306
Source Database       : pc

Target Server Type    : MYSQL
Target Server Version : 50723
File Encoding         : 65001

Date: 2018-10-12 14:42:23
*/

SET FOREIGN_KEY_CHECKS=0;

-- ----------------------------
-- Table structure for car
-- ----------------------------
DROP TABLE IF EXISTS `car`;
CREATE TABLE `car` (
  `id` varchar(255) DEFAULT NULL,
  `user_id` varchar(255) DEFAULT NULL,
  `start_geom` geometry DEFAULT NULL,
  `end_geom` geometry DEFAULT NULL,
  `start_title` varchar(255) DEFAULT NULL,
  `end_title` varchar(255) DEFAULT NULL,
  `start_address` varchar(255) DEFAULT NULL,
  `end_address` varchar(255) DEFAULT NULL,
  `peplenum` int(11) DEFAULT NULL,
  `phone` varchar(255) DEFAULT NULL,
  `everyday` int(11) DEFAULT '0' COMMENT '1是每天',
  `startdate` datetime DEFAULT NULL,
  `status` int(11) DEFAULT '1' COMMENT '0无效',
  `createdate` timestamp NULL DEFAULT CURRENT_TIMESTAMP ON UPDATE CURRENT_TIMESTAMP
) ENGINE=InnoDB DEFAULT CHARSET=utf8;

-- ----------------------------
-- Records of car
-- ----------------------------
INSERT INTO `car` VALUES ('86d4a11dbf6549569bdad751ea79e650', 'fbaf12944a5c456ab86b45079fee2f52', GeomFromText('POINT(108.86741 34.19413)'), GeomFromText('POINT(108.89623 34.17348)'), '神州数码西安科技园', '金地·西沣公元', 'null', 'null', '3', '18717370370', '1', '2018-09-15 11:10:00', '1', '2018-09-17 10:06:39');
INSERT INTO `car` VALUES ('0c3edb4ea78a48c09ff18309d1a0b405', 'fbaf12944a5c456ab86b45079fee2f52', GeomFromText('POINT(108.89623 34.17348)'), GeomFromText('POINT(108.86741 34.19413)'), '金地·西沣公元', '神州数码西安科技园', 'null', 'null', '2', '18717370370', '1', '2018-09-17 11:05:00', '1', '2018-09-17 17:29:15');

-- ----------------------------
-- Table structure for line
-- ----------------------------
DROP TABLE IF EXISTS `line`;
CREATE TABLE `line` (
  `id` varchar(255) DEFAULT NULL,
  `car_id` varchar(255) DEFAULT NULL,
  `name` varchar(255) DEFAULT NULL,
  `s_index` int(11) DEFAULT NULL,
  `distance` varchar(255) DEFAULT NULL,
  `duration` varchar(255) DEFAULT NULL,
  `status` int(11) DEFAULT '1' COMMENT '1有效0无效表示废弃'
) ENGINE=InnoDB DEFAULT CHARSET=utf8;

-- ----------------------------
-- Records of line
-- ----------------------------
INSERT INTO `line` VALUES ('47776fcd7f954e8e84714ed50066c377', '86d4a11dbf6549569bdad751ea79e650', '默认', '0', '6280', '13', '1');
INSERT INTO `line` VALUES ('c74df844f41e42f0ade892ddbe384111', '86d4a11dbf6549569bdad751ea79e650', '线路1', '1', '7549', '14', '1');
INSERT INTO `line` VALUES ('3a3ee771815e4718997a0bfbc42b5830', '0c3edb4ea78a48c09ff18309d1a0b405', '默认', '0', '5814', '17', '1');
INSERT INTO `line` VALUES ('95a2a08e3e3b425f8e3e9a6dbf145d19', '0c3edb4ea78a48c09ff18309d1a0b405', '线路2', '1', '5963', '19', '1');

-- ----------------------------
-- Table structure for point
-- ----------------------------
DROP TABLE IF EXISTS `point`;
CREATE TABLE `point` (
  `id` varchar(255) DEFAULT NULL,
  `line_id` varchar(255) DEFAULT NULL,
  `geom` geometry DEFAULT NULL
) ENGINE=InnoDB DEFAULT CHARSET=utf8;

-- ----------------------------
-- Records of point
-- ----------------------------
INSERT INTO `point` VALUES ('c22a146ab779495a8ed0a0f9da5e51d0', '47776fcd7f954e8e84714ed50066c377', GeomFromText('POINT(108.867477 34.194099)'));
INSERT INTO `point` VALUES ('e2c8cb0a7e2245bfb35d96c4fc60de04', '47776fcd7f954e8e84714ed50066c377', GeomFromText('POINT(108.867477 34.194016)'));
INSERT INTO `point` VALUES ('6741bd4dbe5f44e2937f9542502434d2', '47776fcd7f954e8e84714ed50066c377', GeomFromText('POINT(108.867477 34.194016)'));
INSERT INTO `point` VALUES ('c5117a8215614a5bbbfe2e6aacd0d892', '47776fcd7f954e8e84714ed50066c377', GeomFromText('POINT(108.866737 34.194016)'));
INSERT INTO `point` VALUES ('5f000a19665c41518f0fecb5757d9c7f', '47776fcd7f954e8e84714ed50066c377', GeomFromText('POINT(108.86657 34.193916)'));
INSERT INTO `point` VALUES ('8a085a440d9e4866ad8ed06324c9e370', '47776fcd7f954e8e84714ed50066c377', GeomFromText('POINT(108.863564 34.19392)'));
INSERT INTO `point` VALUES ('cde1843e679341b595b3d0f0958f7852', '47776fcd7f954e8e84714ed50066c377', GeomFromText('POINT(108.86351 34.193779)'));
INSERT INTO `point` VALUES ('0abc8f9c513345ccac40cb40bcd4b3c1', '47776fcd7f954e8e84714ed50066c377', GeomFromText('POINT(108.863792 34.191242)'));
INSERT INTO `point` VALUES ('b3c4db1e75c74b39b5e996064b049424', '47776fcd7f954e8e84714ed50066c377', GeomFromText('POINT(108.863884 34.191166)'));
INSERT INTO `point` VALUES ('0f67dc9b84234d5386b0889d7fd4ccef', '47776fcd7f954e8e84714ed50066c377', GeomFromText('POINT(108.865173 34.191193)'));
INSERT INTO `point` VALUES ('4b02814edf2f45b38dd77a13577c5823', '47776fcd7f954e8e84714ed50066c377', GeomFromText('POINT(108.867821 34.191242)'));
INSERT INTO `point` VALUES ('d59610b16586467489db4c9548b5dbbf', '47776fcd7f954e8e84714ed50066c377', GeomFromText('POINT(108.869278 34.191265)'));
INSERT INTO `point` VALUES ('9a75cf58dae2472b94e5768f06cf03b7', '47776fcd7f954e8e84714ed50066c377', GeomFromText('POINT(108.869278 34.191265)'));
INSERT INTO `point` VALUES ('b75eab6ac56d42fa98db6829e3e7cb76', '47776fcd7f954e8e84714ed50066c377', GeomFromText('POINT(108.869263 34.190372)'));
INSERT INTO `point` VALUES ('84734a9edaf842f08c3ad8685c8855ec', '47776fcd7f954e8e84714ed50066c377', GeomFromText('POINT(108.869247 34.189453)'));
INSERT INTO `point` VALUES ('96005540ad424f2193ec4be0b59f37f9', '47776fcd7f954e8e84714ed50066c377', GeomFromText('POINT(108.869247 34.189392)'));
INSERT INTO `point` VALUES ('12b3825ea5cf4fd8bd322ececabced40', '47776fcd7f954e8e84714ed50066c377', GeomFromText('POINT(108.869217 34.187988)'));
INSERT INTO `point` VALUES ('c6ac201048ce4d849a0fe3de0fd9822b', '47776fcd7f954e8e84714ed50066c377', GeomFromText('POINT(108.869171 34.187)'));
INSERT INTO `point` VALUES ('e82a916dd6a54db2b61c84cc29be1bd6', '47776fcd7f954e8e84714ed50066c377', GeomFromText('POINT(108.869148 34.186096)'));
INSERT INTO `point` VALUES ('2bcae337918b460895a5e5555b61c18a', '47776fcd7f954e8e84714ed50066c377', GeomFromText('POINT(108.869217 34.185978)'));
INSERT INTO `point` VALUES ('81b6826097e64984a72b8be2ac3f7233', '47776fcd7f954e8e84714ed50066c377', GeomFromText('POINT(108.869324 34.186069)'));
INSERT INTO `point` VALUES ('3421dcd7058c49788e212212af81327c', '47776fcd7f954e8e84714ed50066c377', GeomFromText('POINT(108.86937 34.187908)'));
INSERT INTO `point` VALUES ('529fb77e1529452ca23f9f2912b68d63', '47776fcd7f954e8e84714ed50066c377', GeomFromText('POINT(108.86937 34.187908)'));
INSERT INTO `point` VALUES ('c546520f689c4173ad7baa67337d1673', '47776fcd7f954e8e84714ed50066c377', GeomFromText('POINT(108.870956 34.188057)'));
INSERT INTO `point` VALUES ('76510bd653c9412da03667ed03575492', '47776fcd7f954e8e84714ed50066c377', GeomFromText('POINT(108.872406 34.18816)'));
INSERT INTO `point` VALUES ('0dab835371ad4759a5e6f02620938f3e', '47776fcd7f954e8e84714ed50066c377', GeomFromText('POINT(108.873878 34.188244)'));
INSERT INTO `point` VALUES ('4342b84f808a43a0b324a03503dcfb55', '47776fcd7f954e8e84714ed50066c377', GeomFromText('POINT(108.874504 34.188278)'));
INSERT INTO `point` VALUES ('128ea2d8d54c4f429cdef1900fcc9e56', '47776fcd7f954e8e84714ed50066c377', GeomFromText('POINT(108.875481 34.188313)'));
INSERT INTO `point` VALUES ('018303f2f52f4205bd90630997db04ce', '47776fcd7f954e8e84714ed50066c377', GeomFromText('POINT(108.875557 34.188313)'));
INSERT INTO `point` VALUES ('d888d37c65d44058888f59ae2db132ec', '47776fcd7f954e8e84714ed50066c377', GeomFromText('POINT(108.878563 34.188366)'));
INSERT INTO `point` VALUES ('ca67cdb5f0ed4e31a404b953181fa1ea', '47776fcd7f954e8e84714ed50066c377', GeomFromText('POINT(108.879601 34.188374)'));
INSERT INTO `point` VALUES ('fc5a1722658541238aa47ac46830318d', '47776fcd7f954e8e84714ed50066c377', GeomFromText('POINT(108.880028 34.188374)'));
INSERT INTO `point` VALUES ('e2ae251ca76c40dea08c891ff84e39b2', '47776fcd7f954e8e84714ed50066c377', GeomFromText('POINT(108.880104 34.188377)'));
INSERT INTO `point` VALUES ('e48b65936fdf498cb7350d787cd4e80f', '47776fcd7f954e8e84714ed50066c377', GeomFromText('POINT(108.880714 34.188385)'));
INSERT INTO `point` VALUES ('bceecdeb1f244f89a8df973315a7973c', '47776fcd7f954e8e84714ed50066c377', GeomFromText('POINT(108.881287 34.188416)'));
INSERT INTO `point` VALUES ('d90ed295cad3436fb80ff156dedc2fcc', '47776fcd7f954e8e84714ed50066c377', GeomFromText('POINT(108.883217 34.188622)'));
INSERT INTO `point` VALUES ('b28f970dd655487886f9772d0240a737', '47776fcd7f954e8e84714ed50066c377', GeomFromText('POINT(108.884621 34.188774)'));
INSERT INTO `point` VALUES ('2fe92172d11548b59095d50bc050a79b', '47776fcd7f954e8e84714ed50066c377', GeomFromText('POINT(108.884674 34.188786)'));
INSERT INTO `point` VALUES ('2a829cacc0734fd2ab98478a39c7601f', '47776fcd7f954e8e84714ed50066c377', GeomFromText('POINT(108.886536 34.18898)'));
INSERT INTO `point` VALUES ('254e34393d94451b921d9f80f686d423', '47776fcd7f954e8e84714ed50066c377', GeomFromText('POINT(108.887093 34.189045)'));
INSERT INTO `point` VALUES ('b55b70d3a81248cab89d00fdf467ae35', '47776fcd7f954e8e84714ed50066c377', GeomFromText('POINT(108.887306 34.189075)'));
INSERT INTO `point` VALUES ('d42c48774ced4cbe81b9d98f8118fa8e', '47776fcd7f954e8e84714ed50066c377', GeomFromText('POINT(108.887497 34.189117)'));
INSERT INTO `point` VALUES ('b451ab2d28b14d5ca8f9f110e22260b0', '47776fcd7f954e8e84714ed50066c377', GeomFromText('POINT(108.887947 34.189144)'));
INSERT INTO `point` VALUES ('91cb7186d9384e69ad893c1ba331372b', '47776fcd7f954e8e84714ed50066c377', GeomFromText('POINT(108.88855 34.189159)'));
INSERT INTO `point` VALUES ('dccf291cf5374512bec03a4a29eece42', '47776fcd7f954e8e84714ed50066c377', GeomFromText('POINT(108.891029 34.189075)'));
INSERT INTO `point` VALUES ('6fbbe1b79cc143d0adc9482e66e7d048', '47776fcd7f954e8e84714ed50066c377', GeomFromText('POINT(108.891335 34.189053)'));
INSERT INTO `point` VALUES ('1444dc9c508c4db7a4924f708c749160', '47776fcd7f954e8e84714ed50066c377', GeomFromText('POINT(108.891716 34.189011)'));
INSERT INTO `point` VALUES ('efb7d1ec99f64fbaa74d55ca6f0e14af', '47776fcd7f954e8e84714ed50066c377', GeomFromText('POINT(108.892921 34.188789)'));
INSERT INTO `point` VALUES ('d1c4c89d9f724c2b99fa121e7e749225', '47776fcd7f954e8e84714ed50066c377', GeomFromText('POINT(108.89312 34.188694)'));
INSERT INTO `point` VALUES ('9aff58b992cd46b8a53d8ac6e1ab13b7', '47776fcd7f954e8e84714ed50066c377', GeomFromText('POINT(108.893562 34.188526)'));
INSERT INTO `point` VALUES ('eec7ffb51f694750a39042f01a101c08', '47776fcd7f954e8e84714ed50066c377', GeomFromText('POINT(108.893974 34.188347)'));
INSERT INTO `point` VALUES ('f7fccc8eccc4456cbd4b189203174020', '47776fcd7f954e8e84714ed50066c377', GeomFromText('POINT(108.89505 34.187775)'));
INSERT INTO `point` VALUES ('231f1ddc82cd4d4a8d0ce945739777ad', '47776fcd7f954e8e84714ed50066c377', GeomFromText('POINT(108.895401 34.187576)'));
INSERT INTO `point` VALUES ('5e57d8c217fd4ec8a99a98aa0a8f24ae', '47776fcd7f954e8e84714ed50066c377', GeomFromText('POINT(108.895805 34.187397)'));
INSERT INTO `point` VALUES ('630b887605bc457db6081d05b9734ed4', '47776fcd7f954e8e84714ed50066c377', GeomFromText('POINT(108.896393 34.187225)'));
INSERT INTO `point` VALUES ('bcae609aac804377a0f4782c36ab700d', '47776fcd7f954e8e84714ed50066c377', GeomFromText('POINT(108.896477 34.187206)'));
INSERT INTO `point` VALUES ('e896c0418cf84215a5010fb9a2cc2a9e', '47776fcd7f954e8e84714ed50066c377', GeomFromText('POINT(108.896843 34.187149)'));
INSERT INTO `point` VALUES ('5d9537904769448fac1e50bb1b84f976', '47776fcd7f954e8e84714ed50066c377', GeomFromText('POINT(108.897148 34.187141)'));
INSERT INTO `point` VALUES ('f169a12d57aa4438973bf5cf3aa21163', '47776fcd7f954e8e84714ed50066c377', GeomFromText('POINT(108.897446 34.187157)'));
INSERT INTO `point` VALUES ('2b990170389a4360ae2df32bf4391c4a', '47776fcd7f954e8e84714ed50066c377', GeomFromText('POINT(108.897972 34.187233)'));
INSERT INTO `point` VALUES ('52cf945a7c6a4f7480eaf9a194d644f9', '47776fcd7f954e8e84714ed50066c377', GeomFromText('POINT(108.897972 34.187233)'));
INSERT INTO `point` VALUES ('86adcbc514204bfdaecf44f7b10bf3a1', '47776fcd7f954e8e84714ed50066c377', GeomFromText('POINT(108.897972 34.187183)'));
INSERT INTO `point` VALUES ('23e197ce88e24886b94266dcad6266d7', '47776fcd7f954e8e84714ed50066c377', GeomFromText('POINT(108.897926 34.185936)'));
INSERT INTO `point` VALUES ('2732e54b7d574f9c817e06d86e5f902e', '47776fcd7f954e8e84714ed50066c377', GeomFromText('POINT(108.897919 34.184708)'));
INSERT INTO `point` VALUES ('51204a7ced26460d88bcc9c400e459e7', '47776fcd7f954e8e84714ed50066c377', GeomFromText('POINT(108.897911 34.184635)'));
INSERT INTO `point` VALUES ('9f951e4908a94e938fe3b49b3234806e', '47776fcd7f954e8e84714ed50066c377', GeomFromText('POINT(108.897888 34.182938)'));
INSERT INTO `point` VALUES ('25115026e6f247c4b891e82cdf6c2fcc', '47776fcd7f954e8e84714ed50066c377', GeomFromText('POINT(108.897873 34.181648)'));
INSERT INTO `point` VALUES ('542f2cfddefd4afbb427b3e6cb1a9d44', '47776fcd7f954e8e84714ed50066c377', GeomFromText('POINT(108.897873 34.178864)'));
INSERT INTO `point` VALUES ('2b433bf8b72f420d8c8eb9fc537af915', '47776fcd7f954e8e84714ed50066c377', GeomFromText('POINT(108.897873 34.178707)'));
INSERT INTO `point` VALUES ('4ca3c1605bce4b5fa9ce34e307773f70', '47776fcd7f954e8e84714ed50066c377', GeomFromText('POINT(108.897873 34.178463)'));
INSERT INTO `point` VALUES ('f5de27dc2ce4494cacd464d523bd1f35', '47776fcd7f954e8e84714ed50066c377', GeomFromText('POINT(108.897865 34.174778)'));
INSERT INTO `point` VALUES ('1869c779b2dd4fcebc3d6e4263b0839b', '47776fcd7f954e8e84714ed50066c377', GeomFromText('POINT(108.897865 34.174618)'));
INSERT INTO `point` VALUES ('b91dfcf1fa38446fba05ba3234140733', '47776fcd7f954e8e84714ed50066c377', GeomFromText('POINT(108.897865 34.17445)'));
INSERT INTO `point` VALUES ('ac53e0dd80774e1fba0564bec5ace585', '47776fcd7f954e8e84714ed50066c377', GeomFromText('POINT(108.897873 34.174171)'));
INSERT INTO `point` VALUES ('7297f54a94ec48ee8a37c54456650f67', '47776fcd7f954e8e84714ed50066c377', GeomFromText('POINT(108.897873 34.174171)'));
INSERT INTO `point` VALUES ('855a555748084d02a5adb668d6d5d1a3', '47776fcd7f954e8e84714ed50066c377', GeomFromText('POINT(108.897583 34.174152)'));
INSERT INTO `point` VALUES ('1cbd7ca02c9d4ff6a2ffcd5b7b943438', '47776fcd7f954e8e84714ed50066c377', GeomFromText('POINT(108.897209 34.174129)'));
INSERT INTO `point` VALUES ('acd8fedc29914320ab7ef01de4ff4024', '47776fcd7f954e8e84714ed50066c377', GeomFromText('POINT(108.896675 34.174179)'));
INSERT INTO `point` VALUES ('0457c44909ec48988f17b9b2eda85ebc', '47776fcd7f954e8e84714ed50066c377', GeomFromText('POINT(108.896675 34.174179)'));
INSERT INTO `point` VALUES ('42b2959e1035480ab1358afbff0ee121', '47776fcd7f954e8e84714ed50066c377', GeomFromText('POINT(108.89669 34.174088)'));
INSERT INTO `point` VALUES ('c7752d8d660941899f7bacc599b0d7de', '47776fcd7f954e8e84714ed50066c377', GeomFromText('POINT(108.896675 34.174046)'));
INSERT INTO `point` VALUES ('f7bfbbc739a644ceb83391753de688b1', '47776fcd7f954e8e84714ed50066c377', GeomFromText('POINT(108.896553 34.173908)'));
INSERT INTO `point` VALUES ('6e3fdee1d62f48c4abb965e565142f25', '47776fcd7f954e8e84714ed50066c377', GeomFromText('POINT(108.896553 34.173908)'));
INSERT INTO `point` VALUES ('435686e75d01476191ea10a23ad9c8da', '47776fcd7f954e8e84714ed50066c377', GeomFromText('POINT(108.896545 34.173523)'));
INSERT INTO `point` VALUES ('8a9097fa2a934a4e8aff1fd1fa862194', '47776fcd7f954e8e84714ed50066c377', GeomFromText('POINT(108.89653 34.173458)'));
INSERT INTO `point` VALUES ('e05ce85afbc04935b3aee4500d9d07e0', '47776fcd7f954e8e84714ed50066c377', GeomFromText('POINT(108.8965 34.173393)'));
INSERT INTO `point` VALUES ('b541264d240e492fb5e50b473a111083', '47776fcd7f954e8e84714ed50066c377', GeomFromText('POINT(108.896477 34.173386)'));
INSERT INTO `point` VALUES ('733a0efcf1a5418db55694e855c6e3cc', '47776fcd7f954e8e84714ed50066c377', GeomFromText('POINT(108.896408 34.173363)'));
INSERT INTO `point` VALUES ('4bc3a284c3364e8b8f3bca1bfff05939', '47776fcd7f954e8e84714ed50066c377', GeomFromText('POINT(108.896233 34.173359)'));
INSERT INTO `point` VALUES ('bac66e8f1d4f4fc096eb03e53dfcd4b8', 'c74df844f41e42f0ade892ddbe384111', GeomFromText('POINT(108.867477 34.194099)'));
INSERT INTO `point` VALUES ('3fb48f75203747e2acd533b903ea7276', 'c74df844f41e42f0ade892ddbe384111', GeomFromText('POINT(108.867477 34.194016)'));
INSERT INTO `point` VALUES ('71ff43653b464a7ba47cba47d65a3d67', 'c74df844f41e42f0ade892ddbe384111', GeomFromText('POINT(108.867477 34.194016)'));
INSERT INTO `point` VALUES ('1cc8aa7abeae4bde8cb6c5c29831cd2b', 'c74df844f41e42f0ade892ddbe384111', GeomFromText('POINT(108.866737 34.194016)'));
INSERT INTO `point` VALUES ('266a5e1108ff4fdabd2373ca0dff160d', 'c74df844f41e42f0ade892ddbe384111', GeomFromText('POINT(108.86657 34.193916)'));
INSERT INTO `point` VALUES ('8192c4b5b36b4269a86eb758c9e451d6', 'c74df844f41e42f0ade892ddbe384111', GeomFromText('POINT(108.863564 34.19392)'));
INSERT INTO `point` VALUES ('7c057dc5f795424fbaa10a5e200133bb', 'c74df844f41e42f0ade892ddbe384111', GeomFromText('POINT(108.86351 34.193779)'));
INSERT INTO `point` VALUES ('7b80ad202ade4f06a9329a91a9d6e329', 'c74df844f41e42f0ade892ddbe384111', GeomFromText('POINT(108.863792 34.191242)'));
INSERT INTO `point` VALUES ('210133e038b847fc8053ed7f6cc9b3d9', 'c74df844f41e42f0ade892ddbe384111', GeomFromText('POINT(108.863792 34.191166)'));
INSERT INTO `point` VALUES ('32720de53bd741da8d7170047c9a3f69', 'c74df844f41e42f0ade892ddbe384111', GeomFromText('POINT(108.863754 34.190823)'));
INSERT INTO `point` VALUES ('9fa9211896384b7e9dde382b86727c72', 'c74df844f41e42f0ade892ddbe384111', GeomFromText('POINT(108.863762 34.190548)'));
INSERT INTO `point` VALUES ('57c0fa486a4844a2b5e27ebc999111f2', 'c74df844f41e42f0ade892ddbe384111', GeomFromText('POINT(108.863815 34.189758)'));
INSERT INTO `point` VALUES ('39441dd43ba848b1b8a5a570d948cee2', 'c74df844f41e42f0ade892ddbe384111', GeomFromText('POINT(108.863838 34.189453)'));
INSERT INTO `point` VALUES ('b34fb09810774fac9a4aee69ba09825b', 'c74df844f41e42f0ade892ddbe384111', GeomFromText('POINT(108.863892 34.18877)'));
INSERT INTO `point` VALUES ('6f59cc90ba974355935917a3f95b95da', 'c74df844f41e42f0ade892ddbe384111', GeomFromText('POINT(108.863892 34.18877)'));
INSERT INTO `point` VALUES ('a4d44abaf44d493c8337f280de882387', 'c74df844f41e42f0ade892ddbe384111', GeomFromText('POINT(108.862823 34.188637)'));
INSERT INTO `point` VALUES ('b23da051d3094badb0a33d6b7d56a8d6', 'c74df844f41e42f0ade892ddbe384111', GeomFromText('POINT(108.861656 34.188477)'));
INSERT INTO `point` VALUES ('70c60802751047bfbacdf120b53ae076', 'c74df844f41e42f0ade892ddbe384111', GeomFromText('POINT(108.860672 34.188347)'));
INSERT INTO `point` VALUES ('3ec16968bdba47848f45590f49aa6fa8', 'c74df844f41e42f0ade892ddbe384111', GeomFromText('POINT(108.860069 34.188259)'));
INSERT INTO `point` VALUES ('d53b37b9ce4145758839a99dc9ad0798', 'c74df844f41e42f0ade892ddbe384111', GeomFromText('POINT(108.858643 34.188072)'));
INSERT INTO `point` VALUES ('413d5e2a96734f9db1648fdfc08258bf', 'c74df844f41e42f0ade892ddbe384111', GeomFromText('POINT(108.857712 34.187946)'));
INSERT INTO `point` VALUES ('d7180fdcbc11445d9f2f4533f053f068', 'c74df844f41e42f0ade892ddbe384111', GeomFromText('POINT(108.8573 34.187893)'));
INSERT INTO `point` VALUES ('023839b2a2654a6b9469a0646f1e1b59', 'c74df844f41e42f0ade892ddbe384111', GeomFromText('POINT(108.857147 34.18787)'));
INSERT INTO `point` VALUES ('ad4ec2ee88cb4b8da6e0e484d3e47899', 'c74df844f41e42f0ade892ddbe384111', GeomFromText('POINT(108.856705 34.187817)'));
INSERT INTO `point` VALUES ('cf359bb4c70e4728862e691740161507', 'c74df844f41e42f0ade892ddbe384111', GeomFromText('POINT(108.856308 34.187763)'));
INSERT INTO `point` VALUES ('ece80a2ed5da41ea968538d0da5f8f1e', 'c74df844f41e42f0ade892ddbe384111', GeomFromText('POINT(108.856026 34.187729)'));
INSERT INTO `point` VALUES ('2eacd2c3d5e44fa0a28b17a1c95b3db6', 'c74df844f41e42f0ade892ddbe384111', GeomFromText('POINT(108.855156 34.187614)'));
INSERT INTO `point` VALUES ('282a94da0a554be6877f580f0bcd57fe', 'c74df844f41e42f0ade892ddbe384111', GeomFromText('POINT(108.855156 34.187614)'));
INSERT INTO `point` VALUES ('9f5e8a889c5248f6abee8af6988a656d', 'c74df844f41e42f0ade892ddbe384111', GeomFromText('POINT(108.855072 34.187191)'));
INSERT INTO `point` VALUES ('272101df80ec4bbb86f9d98d80f91b10', 'c74df844f41e42f0ade892ddbe384111', GeomFromText('POINT(108.855103 34.18681)'));
INSERT INTO `point` VALUES ('a1618cfa0ff7404fb3ffd7055b693f11', 'c74df844f41e42f0ade892ddbe384111', GeomFromText('POINT(108.855278 34.186165)'));
INSERT INTO `point` VALUES ('e032957a6966477397835a2a783e5e4c', 'c74df844f41e42f0ade892ddbe384111', GeomFromText('POINT(108.855911 34.186264)'));
INSERT INTO `point` VALUES ('15ba9df9b9954f44aeed2338049fc6d3', 'c74df844f41e42f0ade892ddbe384111', GeomFromText('POINT(108.856201 34.186302)'));
INSERT INTO `point` VALUES ('657b1f1adcdf42e5a5cd026ced73500f', 'c74df844f41e42f0ade892ddbe384111', GeomFromText('POINT(108.856987 34.186398)'));
INSERT INTO `point` VALUES ('77fe1ed4e96f4c4b996b089eaef14175', 'c74df844f41e42f0ade892ddbe384111', GeomFromText('POINT(108.85746 34.186459)'));
INSERT INTO `point` VALUES ('726640d061204ff0a6a4aab274590b91', 'c74df844f41e42f0ade892ddbe384111', GeomFromText('POINT(108.857796 34.186501)'));
INSERT INTO `point` VALUES ('51f8317766cf42dfbca4ddce852072a5', 'c74df844f41e42f0ade892ddbe384111', GeomFromText('POINT(108.858391 34.186569)'));
INSERT INTO `point` VALUES ('1b313f648c5c4dc382ba4bcd5a2719f9', 'c74df844f41e42f0ade892ddbe384111', GeomFromText('POINT(108.858704 34.186615)'));
INSERT INTO `point` VALUES ('655e966249d04a2ab91ad74c487c6711', 'c74df844f41e42f0ade892ddbe384111', GeomFromText('POINT(108.859528 34.186714)'));
INSERT INTO `point` VALUES ('40a2b2b4f46f48508a0dbedc7d34f6f5', 'c74df844f41e42f0ade892ddbe384111', GeomFromText('POINT(108.860275 34.186806)'));
INSERT INTO `point` VALUES ('474acf2de99f40ea912e57e198cc0010', 'c74df844f41e42f0ade892ddbe384111', GeomFromText('POINT(108.862976 34.187157)'));
INSERT INTO `point` VALUES ('6047bf223e134d118e159be6705f7763', 'c74df844f41e42f0ade892ddbe384111', GeomFromText('POINT(108.863823 34.187263)'));
INSERT INTO `point` VALUES ('34e5566282a441e2933a2871f0db7446', 'c74df844f41e42f0ade892ddbe384111', GeomFromText('POINT(108.864113 34.187302)'));
INSERT INTO `point` VALUES ('efae5a0409354b4bad8469db458b75f8', 'c74df844f41e42f0ade892ddbe384111', GeomFromText('POINT(108.866936 34.187645)'));
INSERT INTO `point` VALUES ('02f34fbbe55a427fae0cbd7e9509e760', 'c74df844f41e42f0ade892ddbe384111', GeomFromText('POINT(108.867966 34.187763)'));
INSERT INTO `point` VALUES ('01c40eab833c4ff1ab92917484a01bad', 'c74df844f41e42f0ade892ddbe384111', GeomFromText('POINT(108.869087 34.187893)'));
INSERT INTO `point` VALUES ('7cc1ac6c782d4964994ca0c3076e3afc', 'c74df844f41e42f0ade892ddbe384111', GeomFromText('POINT(108.86937 34.187908)'));
INSERT INTO `point` VALUES ('235dad7be1bb48d4a4e3bcf55a4c5a71', 'c74df844f41e42f0ade892ddbe384111', GeomFromText('POINT(108.870956 34.188057)'));
INSERT INTO `point` VALUES ('e5b23a50f60d4e53bd7b205cebfdd9dd', 'c74df844f41e42f0ade892ddbe384111', GeomFromText('POINT(108.872406 34.18816)'));
INSERT INTO `point` VALUES ('33abb7c347644350aaeaeb19dbddf3b3', 'c74df844f41e42f0ade892ddbe384111', GeomFromText('POINT(108.873878 34.188244)'));
INSERT INTO `point` VALUES ('9d17c0a7ee7146e4aa67c4734ccd2fa6', 'c74df844f41e42f0ade892ddbe384111', GeomFromText('POINT(108.874504 34.188278)'));
INSERT INTO `point` VALUES ('cb490816047d45cfb8a64b0bbafaac20', 'c74df844f41e42f0ade892ddbe384111', GeomFromText('POINT(108.875481 34.188313)'));
INSERT INTO `point` VALUES ('6c68287c21fe4409bd6ccb03dfdfafd0', 'c74df844f41e42f0ade892ddbe384111', GeomFromText('POINT(108.875557 34.188313)'));
INSERT INTO `point` VALUES ('20fbd350f802421ba5b904e4bd9eea66', 'c74df844f41e42f0ade892ddbe384111', GeomFromText('POINT(108.878563 34.188366)'));
INSERT INTO `point` VALUES ('6b33ae17b341441599d1cc435d0663cc', 'c74df844f41e42f0ade892ddbe384111', GeomFromText('POINT(108.879601 34.188374)'));
INSERT INTO `point` VALUES ('24e5d051d7804d2387bdb3384c2953ad', 'c74df844f41e42f0ade892ddbe384111', GeomFromText('POINT(108.880028 34.188374)'));
INSERT INTO `point` VALUES ('b43f4339da7449319a078f4abbea852f', 'c74df844f41e42f0ade892ddbe384111', GeomFromText('POINT(108.880104 34.188377)'));
INSERT INTO `point` VALUES ('d24f482ee2da4bcc9f91fc368ad449a8', 'c74df844f41e42f0ade892ddbe384111', GeomFromText('POINT(108.880714 34.188385)'));
INSERT INTO `point` VALUES ('a79b4eb7b37747c5b508d53f50cdb008', 'c74df844f41e42f0ade892ddbe384111', GeomFromText('POINT(108.881287 34.188416)'));
INSERT INTO `point` VALUES ('ad3a9e718f8240099fdd595569324b04', 'c74df844f41e42f0ade892ddbe384111', GeomFromText('POINT(108.883217 34.188622)'));
INSERT INTO `point` VALUES ('f9eaddb52adf4a11829ab620abc2e7fc', 'c74df844f41e42f0ade892ddbe384111', GeomFromText('POINT(108.884621 34.188774)'));
INSERT INTO `point` VALUES ('0e1655922801495da7b2a37cdb308f6f', 'c74df844f41e42f0ade892ddbe384111', GeomFromText('POINT(108.884674 34.188786)'));
INSERT INTO `point` VALUES ('687c29b5ce1f45d8a750bff87c4f906e', 'c74df844f41e42f0ade892ddbe384111', GeomFromText('POINT(108.886536 34.18898)'));
INSERT INTO `point` VALUES ('de5600814a634acea2c08270987fbbd8', 'c74df844f41e42f0ade892ddbe384111', GeomFromText('POINT(108.887093 34.189045)'));
INSERT INTO `point` VALUES ('30346746c3214faaabe4b54a87c827c7', 'c74df844f41e42f0ade892ddbe384111', GeomFromText('POINT(108.887306 34.189075)'));
INSERT INTO `point` VALUES ('44f76777345346ec8632edc519064dc5', 'c74df844f41e42f0ade892ddbe384111', GeomFromText('POINT(108.887497 34.189117)'));
INSERT INTO `point` VALUES ('accaa9b4b7034f40b0b1f24e8f0f298f', 'c74df844f41e42f0ade892ddbe384111', GeomFromText('POINT(108.887947 34.189144)'));
INSERT INTO `point` VALUES ('14ac7a1e22d0427189f5cc1aeb32666a', 'c74df844f41e42f0ade892ddbe384111', GeomFromText('POINT(108.88855 34.189159)'));
INSERT INTO `point` VALUES ('e11b43b10394439995819bd676006d5a', 'c74df844f41e42f0ade892ddbe384111', GeomFromText('POINT(108.891029 34.189075)'));
INSERT INTO `point` VALUES ('35394313ed484971aa460e84455675ed', 'c74df844f41e42f0ade892ddbe384111', GeomFromText('POINT(108.891335 34.189053)'));
INSERT INTO `point` VALUES ('9a7a64abfc9b41efb92f5a7d3347d0f8', 'c74df844f41e42f0ade892ddbe384111', GeomFromText('POINT(108.891716 34.189011)'));
INSERT INTO `point` VALUES ('e30fed6c000f4d16b652a8b0b51c3cda', 'c74df844f41e42f0ade892ddbe384111', GeomFromText('POINT(108.892921 34.188789)'));
INSERT INTO `point` VALUES ('48300e3ee8204f7b9f03db5f4f616a1f', 'c74df844f41e42f0ade892ddbe384111', GeomFromText('POINT(108.89312 34.188694)'));
INSERT INTO `point` VALUES ('270ee018640449aabf6d12cca7fa835c', 'c74df844f41e42f0ade892ddbe384111', GeomFromText('POINT(108.893562 34.188526)'));
INSERT INTO `point` VALUES ('96b15b8b877945618d494a024ddb3b42', 'c74df844f41e42f0ade892ddbe384111', GeomFromText('POINT(108.893974 34.188347)'));
INSERT INTO `point` VALUES ('64c871715ef244828ef032731e7ad5e1', 'c74df844f41e42f0ade892ddbe384111', GeomFromText('POINT(108.89505 34.187775)'));
INSERT INTO `point` VALUES ('6f21e788dcc440d8bbeb669ac4468acf', 'c74df844f41e42f0ade892ddbe384111', GeomFromText('POINT(108.895401 34.187576)'));
INSERT INTO `point` VALUES ('319ccad8575f45ab922d503ec30c8f62', 'c74df844f41e42f0ade892ddbe384111', GeomFromText('POINT(108.895805 34.187397)'));
INSERT INTO `point` VALUES ('c1c78619e57549d6b93bf286263053eb', 'c74df844f41e42f0ade892ddbe384111', GeomFromText('POINT(108.896393 34.187225)'));
INSERT INTO `point` VALUES ('a294aa67c96247b9b3f7b07355726372', 'c74df844f41e42f0ade892ddbe384111', GeomFromText('POINT(108.896477 34.187206)'));
INSERT INTO `point` VALUES ('16a58bd7e1574842adccd7f6835d2933', 'c74df844f41e42f0ade892ddbe384111', GeomFromText('POINT(108.896843 34.187149)'));
INSERT INTO `point` VALUES ('007d4dcaf5b2455f9d044077c806fd87', 'c74df844f41e42f0ade892ddbe384111', GeomFromText('POINT(108.897148 34.187141)'));
INSERT INTO `point` VALUES ('38ada96a930746afadb50bb42a232edf', 'c74df844f41e42f0ade892ddbe384111', GeomFromText('POINT(108.897446 34.187157)'));
INSERT INTO `point` VALUES ('f04063b1a7f346bd804309917586becc', 'c74df844f41e42f0ade892ddbe384111', GeomFromText('POINT(108.897972 34.187233)'));
INSERT INTO `point` VALUES ('e17703e631204d8abaa8d344bae7ac65', 'c74df844f41e42f0ade892ddbe384111', GeomFromText('POINT(108.897972 34.187233)'));
INSERT INTO `point` VALUES ('a4fd9cf3152840c8bbe66a5a9c43366e', 'c74df844f41e42f0ade892ddbe384111', GeomFromText('POINT(108.897972 34.187183)'));
INSERT INTO `point` VALUES ('a800b37c32de4c2787dab6201cbbaaf6', 'c74df844f41e42f0ade892ddbe384111', GeomFromText('POINT(108.897926 34.185936)'));
INSERT INTO `point` VALUES ('c0aac71e10ad459eaf9684e7db5fdc1c', 'c74df844f41e42f0ade892ddbe384111', GeomFromText('POINT(108.897919 34.184708)'));
INSERT INTO `point` VALUES ('68a9c3911a43437ebf48d1988f32c067', 'c74df844f41e42f0ade892ddbe384111', GeomFromText('POINT(108.897911 34.184635)'));
INSERT INTO `point` VALUES ('c919fa716f1f4b8b8632d883615544e9', 'c74df844f41e42f0ade892ddbe384111', GeomFromText('POINT(108.897888 34.182938)'));
INSERT INTO `point` VALUES ('440467cf742c4b1caca8f04c5fe6aa7a', 'c74df844f41e42f0ade892ddbe384111', GeomFromText('POINT(108.897873 34.181648)'));
INSERT INTO `point` VALUES ('61a85642276444a3a0ada89590d53f5f', 'c74df844f41e42f0ade892ddbe384111', GeomFromText('POINT(108.897873 34.178864)'));
INSERT INTO `point` VALUES ('5c8efdf2f9b3471e9d5bf72bd05f5fd0', 'c74df844f41e42f0ade892ddbe384111', GeomFromText('POINT(108.897873 34.178707)'));
INSERT INTO `point` VALUES ('95b50f14faf849ac9d96145f3dda7ca3', 'c74df844f41e42f0ade892ddbe384111', GeomFromText('POINT(108.897873 34.178463)'));
INSERT INTO `point` VALUES ('11eae6641ca84ea99ca941642efa82b1', 'c74df844f41e42f0ade892ddbe384111', GeomFromText('POINT(108.897865 34.174778)'));
INSERT INTO `point` VALUES ('a2413df1c46240ef88b738028b8bbc5e', 'c74df844f41e42f0ade892ddbe384111', GeomFromText('POINT(108.897865 34.174618)'));
INSERT INTO `point` VALUES ('9990004e57434849a74d2a4aa20ff55b', 'c74df844f41e42f0ade892ddbe384111', GeomFromText('POINT(108.897865 34.17445)'));
INSERT INTO `point` VALUES ('898516efdc6d4660a3ab304763e34c8e', 'c74df844f41e42f0ade892ddbe384111', GeomFromText('POINT(108.897873 34.174171)'));
INSERT INTO `point` VALUES ('f1f74d73a7a0428ea64885979fad32b3', 'c74df844f41e42f0ade892ddbe384111', GeomFromText('POINT(108.897873 34.174171)'));
INSERT INTO `point` VALUES ('5627d6b92bfc40c4a5e632de705d9459', 'c74df844f41e42f0ade892ddbe384111', GeomFromText('POINT(108.897583 34.174152)'));
INSERT INTO `point` VALUES ('871af1ac98fa4dda8079f3c1cc9ba806', 'c74df844f41e42f0ade892ddbe384111', GeomFromText('POINT(108.897209 34.174129)'));
INSERT INTO `point` VALUES ('6b2ca4bd390145958c6868dc196119d7', 'c74df844f41e42f0ade892ddbe384111', GeomFromText('POINT(108.896675 34.174179)'));
INSERT INTO `point` VALUES ('3aaebb8760c54a7dbd3c51a0d7869146', 'c74df844f41e42f0ade892ddbe384111', GeomFromText('POINT(108.896675 34.174179)'));
INSERT INTO `point` VALUES ('02a0ab1ce6e94bef9c13eb993c057b5a', 'c74df844f41e42f0ade892ddbe384111', GeomFromText('POINT(108.89669 34.174088)'));
INSERT INTO `point` VALUES ('fe23f07d55f44e1baffa84277195b5a2', 'c74df844f41e42f0ade892ddbe384111', GeomFromText('POINT(108.896675 34.174046)'));
INSERT INTO `point` VALUES ('6d215874c24e41e98013df1a01005fd4', 'c74df844f41e42f0ade892ddbe384111', GeomFromText('POINT(108.896553 34.173908)'));
INSERT INTO `point` VALUES ('f84b00cb3baf443ab8d4e8147573ab78', 'c74df844f41e42f0ade892ddbe384111', GeomFromText('POINT(108.896553 34.173908)'));
INSERT INTO `point` VALUES ('2ed5046b2c9340ecbbfd4ece788864d2', 'c74df844f41e42f0ade892ddbe384111', GeomFromText('POINT(108.896545 34.173523)'));
INSERT INTO `point` VALUES ('9b0a1b8db84d410bab23e92528e433ab', 'c74df844f41e42f0ade892ddbe384111', GeomFromText('POINT(108.89653 34.173458)'));
INSERT INTO `point` VALUES ('dbdf1c1a635341cc830cf54a259f333c', 'c74df844f41e42f0ade892ddbe384111', GeomFromText('POINT(108.8965 34.173393)'));
INSERT INTO `point` VALUES ('737365b5d9b046b4a17d712512fba579', 'c74df844f41e42f0ade892ddbe384111', GeomFromText('POINT(108.896477 34.173386)'));
INSERT INTO `point` VALUES ('b71911d6162348fabe9859ace47c215a', 'c74df844f41e42f0ade892ddbe384111', GeomFromText('POINT(108.896408 34.173363)'));
INSERT INTO `point` VALUES ('3981cd56db184603a6924ef2f88952ee', 'c74df844f41e42f0ade892ddbe384111', GeomFromText('POINT(108.896233 34.173359)'));
INSERT INTO `point` VALUES ('07d048b7f25c4e498850d54a67a78711', '3a3ee771815e4718997a0bfbc42b5830', GeomFromText('POINT(108.896233 34.173359)'));
INSERT INTO `point` VALUES ('f9ca9e7462d348bd88c63b4ff521e6a1', '3a3ee771815e4718997a0bfbc42b5830', GeomFromText('POINT(108.896408 34.173363)'));
INSERT INTO `point` VALUES ('c18d035226634b77818bf58dc24d79b9', '3a3ee771815e4718997a0bfbc42b5830', GeomFromText('POINT(108.896477 34.173386)'));
INSERT INTO `point` VALUES ('cd4ffd8470354f6e8c78d99eae27f517', '3a3ee771815e4718997a0bfbc42b5830', GeomFromText('POINT(108.8965 34.173393)'));
INSERT INTO `point` VALUES ('60b2a0448ec84155896db527c887efe5', '3a3ee771815e4718997a0bfbc42b5830', GeomFromText('POINT(108.89653 34.173458)'));
INSERT INTO `point` VALUES ('d4ca84d1ed12478397a3484128e15770', '3a3ee771815e4718997a0bfbc42b5830', GeomFromText('POINT(108.896545 34.173523)'));
INSERT INTO `point` VALUES ('420fb97dfbba4dd689acc8f423874209', '3a3ee771815e4718997a0bfbc42b5830', GeomFromText('POINT(108.896553 34.173908)'));
INSERT INTO `point` VALUES ('a82ea41ae171401495f941a0d6fd8597', '3a3ee771815e4718997a0bfbc42b5830', GeomFromText('POINT(108.896553 34.173908)'));
INSERT INTO `point` VALUES ('ebed29b65ee7419290832b37014758eb', '3a3ee771815e4718997a0bfbc42b5830', GeomFromText('POINT(108.896675 34.174046)'));
INSERT INTO `point` VALUES ('a5fe7a5ec5684768994a61bb3491d742', '3a3ee771815e4718997a0bfbc42b5830', GeomFromText('POINT(108.89669 34.174088)'));
INSERT INTO `point` VALUES ('5ed20d6461c04246926857fbf123253d', '3a3ee771815e4718997a0bfbc42b5830', GeomFromText('POINT(108.896675 34.174179)'));
INSERT INTO `point` VALUES ('e9c5a0888be7463ab4359b11db17cb37', '3a3ee771815e4718997a0bfbc42b5830', GeomFromText('POINT(108.896675 34.174179)'));
INSERT INTO `point` VALUES ('e8d08152739c4f7f82a2add4c737b5ce', '3a3ee771815e4718997a0bfbc42b5830', GeomFromText('POINT(108.897209 34.174129)'));
INSERT INTO `point` VALUES ('ea43e75e5d8d4efba5ae4094f8f147a1', '3a3ee771815e4718997a0bfbc42b5830', GeomFromText('POINT(108.897583 34.174152)'));
INSERT INTO `point` VALUES ('9cc8cfbd9600412db7e5f45d442ed404', '3a3ee771815e4718997a0bfbc42b5830', GeomFromText('POINT(108.897873 34.174171)'));
INSERT INTO `point` VALUES ('de030251bfdf43eda0a4b255ee9699d2', '3a3ee771815e4718997a0bfbc42b5830', GeomFromText('POINT(108.897873 34.174171)'));
INSERT INTO `point` VALUES ('e9d27b1bbcd8468e9b5152764ea37c8d', '3a3ee771815e4718997a0bfbc42b5830', GeomFromText('POINT(108.897873 34.173401)'));
INSERT INTO `point` VALUES ('5672b14c05d943bc98a85faca57f70da', '3a3ee771815e4718997a0bfbc42b5830', GeomFromText('POINT(108.897873 34.172291)'));
INSERT INTO `point` VALUES ('38a8e640beed4213a475418728ec2b3d', '3a3ee771815e4718997a0bfbc42b5830', GeomFromText('POINT(108.897888 34.171188)'));
INSERT INTO `point` VALUES ('1ce2a4916f55477480e5b1ba3ffeff44', '3a3ee771815e4718997a0bfbc42b5830', GeomFromText('POINT(108.897888 34.171188)'));
INSERT INTO `point` VALUES ('50d829858dc64e20ab48ed55592a0910', '3a3ee771815e4718997a0bfbc42b5830', GeomFromText('POINT(108.896477 34.171211)'));
INSERT INTO `point` VALUES ('cb98d24004214a1b91892504d31ecfc1', '3a3ee771815e4718997a0bfbc42b5830', GeomFromText('POINT(108.894791 34.171238)'));
INSERT INTO `point` VALUES ('366b0d19993f4c4fac17ed1875164837', '3a3ee771815e4718997a0bfbc42b5830', GeomFromText('POINT(108.89418 34.171249)'));
INSERT INTO `point` VALUES ('fead69ff23424ba5b8ab8a210126dedc', '3a3ee771815e4718997a0bfbc42b5830', GeomFromText('POINT(108.892105 34.171288)'));
INSERT INTO `point` VALUES ('e1559a53bc3f4021ba90beffac72eaea', '3a3ee771815e4718997a0bfbc42b5830', GeomFromText('POINT(108.892036 34.171288)'));
INSERT INTO `point` VALUES ('348bd8b263b244b3b3f339e6363e8ae6', '3a3ee771815e4718997a0bfbc42b5830', GeomFromText('POINT(108.891563 34.171295)'));
INSERT INTO `point` VALUES ('1597f6268aac411a95136a19c25d72a8', '3a3ee771815e4718997a0bfbc42b5830', GeomFromText('POINT(108.886871 34.171368)'));
INSERT INTO `point` VALUES ('6176c30d6afa4d1bbe31f4f194c89c01', '3a3ee771815e4718997a0bfbc42b5830', GeomFromText('POINT(108.886375 34.171371)'));
INSERT INTO `point` VALUES ('3eae492845b44dac88b884df50e0f431', '3a3ee771815e4718997a0bfbc42b5830', GeomFromText('POINT(108.88353 34.171417)'));
INSERT INTO `point` VALUES ('b324ab957e3f4529918a480de0cd9e9a', '3a3ee771815e4718997a0bfbc42b5830', GeomFromText('POINT(108.883308 34.171421)'));
INSERT INTO `point` VALUES ('6244e61ca14a4bcfa2ae0298aa7b5d3c', '3a3ee771815e4718997a0bfbc42b5830', GeomFromText('POINT(108.880241 34.171471)'));
INSERT INTO `point` VALUES ('e04583c361dc4e7e99dc429d8a93534c', '3a3ee771815e4718997a0bfbc42b5830', GeomFromText('POINT(108.879852 34.171463)'));
INSERT INTO `point` VALUES ('b71a13b1a4704618912bc3ab9806abe6', '3a3ee771815e4718997a0bfbc42b5830', GeomFromText('POINT(108.879601 34.171459)'));
INSERT INTO `point` VALUES ('e31d950dd67840889c4eb73486dc3ec0', '3a3ee771815e4718997a0bfbc42b5830', GeomFromText('POINT(108.87944 34.171452)'));
INSERT INTO `point` VALUES ('22f1dcde6c324be282ee80cee97d9989', '3a3ee771815e4718997a0bfbc42b5830', GeomFromText('POINT(108.879013 34.171463)'));
INSERT INTO `point` VALUES ('d35ada1c38af476e9aa8a9b057f4f216', '3a3ee771815e4718997a0bfbc42b5830', GeomFromText('POINT(108.878845 34.171459)'));
INSERT INTO `point` VALUES ('15ace00a0d82422bb4156d69e654a2a0', '3a3ee771815e4718997a0bfbc42b5830', GeomFromText('POINT(108.878326 34.171471)'));
INSERT INTO `point` VALUES ('b264a7294807455782422ba40f4c246e', '3a3ee771815e4718997a0bfbc42b5830', GeomFromText('POINT(108.878204 34.171471)'));
INSERT INTO `point` VALUES ('60d219e1f8dc4cdc8d848a228b5ab576', '3a3ee771815e4718997a0bfbc42b5830', GeomFromText('POINT(108.877785 34.171471)'));
INSERT INTO `point` VALUES ('1fe4e1a26786457e8478b02d47f7f52f', '3a3ee771815e4718997a0bfbc42b5830', GeomFromText('POINT(108.87738 34.171474)'));
INSERT INTO `point` VALUES ('92b4a38f6a6c4fd2b6fd672ed882d4fc', '3a3ee771815e4718997a0bfbc42b5830', GeomFromText('POINT(108.87664 34.17149)'));
INSERT INTO `point` VALUES ('9281f31a8fc5459dad0da8676c30eeb6', '3a3ee771815e4718997a0bfbc42b5830', GeomFromText('POINT(108.876518 34.17149)'));
INSERT INTO `point` VALUES ('55c180eae9fb458da05252a21e64b6af', '3a3ee771815e4718997a0bfbc42b5830', GeomFromText('POINT(108.876358 34.17149)'));
INSERT INTO `point` VALUES ('9780b092a6d64cd998dfc2434304cb16', '3a3ee771815e4718997a0bfbc42b5830', GeomFromText('POINT(108.874771 34.171513)'));
INSERT INTO `point` VALUES ('a7b8b1ff33ea4e8f897c65364b3f454c', '3a3ee771815e4718997a0bfbc42b5830', GeomFromText('POINT(108.874504 34.17152)'));
INSERT INTO `point` VALUES ('e29d4f854ff4429aab440bc041e5d096', '3a3ee771815e4718997a0bfbc42b5830', GeomFromText('POINT(108.872879 34.171543)'));
INSERT INTO `point` VALUES ('9272290cc7d04c16a1c448d26786fb3b', '3a3ee771815e4718997a0bfbc42b5830', GeomFromText('POINT(108.871239 34.171566)'));
INSERT INTO `point` VALUES ('429a62add3484e9d9ecfcee115c1956f', '3a3ee771815e4718997a0bfbc42b5830', GeomFromText('POINT(108.871101 34.17157)'));
INSERT INTO `point` VALUES ('6645cc56ac7e4f1cadc5b284cfeb969e', '3a3ee771815e4718997a0bfbc42b5830', GeomFromText('POINT(108.869301 34.171593)'));
INSERT INTO `point` VALUES ('8b2e9739b9f2407da63018cd7b733a06', '3a3ee771815e4718997a0bfbc42b5830', GeomFromText('POINT(108.869301 34.171593)'));
INSERT INTO `point` VALUES ('632bd8a6958c4f9ab0afbde499d40b4d', '3a3ee771815e4718997a0bfbc42b5830', GeomFromText('POINT(108.869324 34.17189)'));
INSERT INTO `point` VALUES ('f0ea6cebf2b04d709ce3fb2ad3cef7ec', '3a3ee771815e4718997a0bfbc42b5830', GeomFromText('POINT(108.869324 34.173393)'));
INSERT INTO `point` VALUES ('043a7c0608344cc098b008c813491d4e', '3a3ee771815e4718997a0bfbc42b5830', GeomFromText('POINT(108.869316 34.173916)'));
INSERT INTO `point` VALUES ('729d4f0d60ff45f1a26c7f59449a70f6', '3a3ee771815e4718997a0bfbc42b5830', GeomFromText('POINT(108.869255 34.174194)'));
INSERT INTO `point` VALUES ('c627fe340bda47ac8d0b0a985f27bb08', '3a3ee771815e4718997a0bfbc42b5830', GeomFromText('POINT(108.869232 34.174377)'));
INSERT INTO `point` VALUES ('391fd858001948e6bc87b447be221496', '3a3ee771815e4718997a0bfbc42b5830', GeomFromText('POINT(108.869232 34.175339)'));
INSERT INTO `point` VALUES ('15e2a0ade7ff40c2ac7e9df86937e1c8', '3a3ee771815e4718997a0bfbc42b5830', GeomFromText('POINT(108.869232 34.175579)'));
INSERT INTO `point` VALUES ('126ab6af865549768ecbed1a3d31a877', '3a3ee771815e4718997a0bfbc42b5830', GeomFromText('POINT(108.869232 34.17598)'));
INSERT INTO `point` VALUES ('b6e387a88c20460a8af73393fc0331da', '3a3ee771815e4718997a0bfbc42b5830', GeomFromText('POINT(108.869232 34.177277)'));
INSERT INTO `point` VALUES ('f1aa48be37834eef9f54309e6559a389', '3a3ee771815e4718997a0bfbc42b5830', GeomFromText('POINT(108.869232 34.177853)'));
INSERT INTO `point` VALUES ('42fbdc388a8f422cb7ed37f5a560780f', '3a3ee771815e4718997a0bfbc42b5830', GeomFromText('POINT(108.869232 34.178463)'));
INSERT INTO `point` VALUES ('5151db5f32b24a839cdf8b0841985fbb', '3a3ee771815e4718997a0bfbc42b5830', GeomFromText('POINT(108.869232 34.179626)'));
INSERT INTO `point` VALUES ('64847f65b7a94f39ab5a25859a08be8b', '3a3ee771815e4718997a0bfbc42b5830', GeomFromText('POINT(108.869232 34.179699)'));
INSERT INTO `point` VALUES ('804186fa91cb4c1e9a5677657b18dfae', '3a3ee771815e4718997a0bfbc42b5830', GeomFromText('POINT(108.869232 34.181046)'));
INSERT INTO `point` VALUES ('39efe1d4819645bf9904ddf435c2aa46', '3a3ee771815e4718997a0bfbc42b5830', GeomFromText('POINT(108.869217 34.18243)'));
INSERT INTO `point` VALUES ('56148a5c0cfd4d459a2e716932bc8f9b', '3a3ee771815e4718997a0bfbc42b5830', GeomFromText('POINT(108.869217 34.182491)'));
INSERT INTO `point` VALUES ('85074a1cf474436799cee2916e351334', '3a3ee771815e4718997a0bfbc42b5830', GeomFromText('POINT(108.869209 34.183781)'));
INSERT INTO `point` VALUES ('0cec6da676224d44927c8db45fbb3c80', '3a3ee771815e4718997a0bfbc42b5830', GeomFromText('POINT(108.869194 34.184933)'));
INSERT INTO `point` VALUES ('ef8f93c4c7d34e10a17c752aa157aef3', '3a3ee771815e4718997a0bfbc42b5830', GeomFromText('POINT(108.869217 34.185978)'));
INSERT INTO `point` VALUES ('8c72ebba943a4e4b8369281bab04fb3a', '3a3ee771815e4718997a0bfbc42b5830', GeomFromText('POINT(108.869255 34.186939)'));
INSERT INTO `point` VALUES ('61648d11cbd44789901e26723f88f5db', '3a3ee771815e4718997a0bfbc42b5830', GeomFromText('POINT(108.869278 34.187992)'));
INSERT INTO `point` VALUES ('dd40b3fd3c13408694842361b9ef91d7', '3a3ee771815e4718997a0bfbc42b5830', GeomFromText('POINT(108.869308 34.189396)'));
INSERT INTO `point` VALUES ('482e0ce913884813b8050126744bf7bf', '3a3ee771815e4718997a0bfbc42b5830', GeomFromText('POINT(108.869308 34.189453)'));
INSERT INTO `point` VALUES ('582f8d2af2bc408598642cb4e5f049cd', '3a3ee771815e4718997a0bfbc42b5830', GeomFromText('POINT(108.869331 34.190388)'));
INSERT INTO `point` VALUES ('69bc4df5850242f69f48a5c66c07a0c0', '3a3ee771815e4718997a0bfbc42b5830', GeomFromText('POINT(108.869354 34.191277)'));
INSERT INTO `point` VALUES ('c22eb730b1954f44944d4bb85914ae19', '3a3ee771815e4718997a0bfbc42b5830', GeomFromText('POINT(108.869354 34.191319)'));
INSERT INTO `point` VALUES ('8e5e31b0a59b4aef89a8a010ed06d966', '3a3ee771815e4718997a0bfbc42b5830', GeomFromText('POINT(108.869354 34.191597)'));
INSERT INTO `point` VALUES ('ad177ede20844f61b039ed72764a37cb', '3a3ee771815e4718997a0bfbc42b5830', GeomFromText('POINT(108.869362 34.192539)'));
INSERT INTO `point` VALUES ('c1956bc1b9cf43399742a130d4e8c993', '3a3ee771815e4718997a0bfbc42b5830', GeomFromText('POINT(108.869377 34.193775)'));
INSERT INTO `point` VALUES ('0b8ce63f7dae4b97a48d43ff68eac3c8', '3a3ee771815e4718997a0bfbc42b5830', GeomFromText('POINT(108.869263 34.193913)'));
INSERT INTO `point` VALUES ('8d1c6eb556664a2fa7b13ab9f64c9587', '3a3ee771815e4718997a0bfbc42b5830', GeomFromText('POINT(108.869003 34.194023)'));
INSERT INTO `point` VALUES ('f3331aaf33754cf1b98758d6bf62810f', '3a3ee771815e4718997a0bfbc42b5830', GeomFromText('POINT(108.867477 34.194016)'));
INSERT INTO `point` VALUES ('360a068ad3be45f78cb4a9e10eac1569', '3a3ee771815e4718997a0bfbc42b5830', GeomFromText('POINT(108.867477 34.194016)'));
INSERT INTO `point` VALUES ('79d1873c30b944c887f60e8e7ea314de', '3a3ee771815e4718997a0bfbc42b5830', GeomFromText('POINT(108.867477 34.194099)'));
INSERT INTO `point` VALUES ('c94a3fb2267f44d08a66ad376ab45d01', '3a3ee771815e4718997a0bfbc42b5830', GeomFromText('POINT(108.867477 34.194126)'));
INSERT INTO `point` VALUES ('2cb205bbec834c31a2886a41317b05f0', '95a2a08e3e3b425f8e3e9a6dbf145d19', GeomFromText('POINT(108.896233 34.173359)'));
INSERT INTO `point` VALUES ('a89b323edf27400c8782259ca455cdec', '95a2a08e3e3b425f8e3e9a6dbf145d19', GeomFromText('POINT(108.896408 34.173363)'));
INSERT INTO `point` VALUES ('428bd0563adc4576ba8bbb47ab890b4e', '95a2a08e3e3b425f8e3e9a6dbf145d19', GeomFromText('POINT(108.896477 34.173386)'));
INSERT INTO `point` VALUES ('2107da23d34748d6bf33fa4eb21721e7', '95a2a08e3e3b425f8e3e9a6dbf145d19', GeomFromText('POINT(108.8965 34.173393)'));
INSERT INTO `point` VALUES ('ace5e2f8d8304b30a2867e10b0ca3953', '95a2a08e3e3b425f8e3e9a6dbf145d19', GeomFromText('POINT(108.89653 34.173458)'));
INSERT INTO `point` VALUES ('6e847fb486c04ce99ff630cab9b4e19a', '95a2a08e3e3b425f8e3e9a6dbf145d19', GeomFromText('POINT(108.896545 34.173523)'));
INSERT INTO `point` VALUES ('c5135ddea053401785b39273a6648216', '95a2a08e3e3b425f8e3e9a6dbf145d19', GeomFromText('POINT(108.896553 34.173908)'));
INSERT INTO `point` VALUES ('ad4cb60d2e8c47b0b280c4e8be1702b5', '95a2a08e3e3b425f8e3e9a6dbf145d19', GeomFromText('POINT(108.896553 34.173908)'));
INSERT INTO `point` VALUES ('d44c0461a5ef4c8f957f6f8c87f868a1', '95a2a08e3e3b425f8e3e9a6dbf145d19', GeomFromText('POINT(108.896675 34.174046)'));
INSERT INTO `point` VALUES ('a489863709ab43888416931cf41c92e5', '95a2a08e3e3b425f8e3e9a6dbf145d19', GeomFromText('POINT(108.89669 34.174088)'));
INSERT INTO `point` VALUES ('4f2390720f8a43e0b7bcb1bb7d515862', '95a2a08e3e3b425f8e3e9a6dbf145d19', GeomFromText('POINT(108.896675 34.174179)'));
INSERT INTO `point` VALUES ('bd4c271ddd5b4c318c1bceb35acfd5af', '95a2a08e3e3b425f8e3e9a6dbf145d19', GeomFromText('POINT(108.896675 34.174179)'));
INSERT INTO `point` VALUES ('03399acab9444a5c8fd8e440e564a0a3', '95a2a08e3e3b425f8e3e9a6dbf145d19', GeomFromText('POINT(108.897209 34.174129)'));
INSERT INTO `point` VALUES ('f37ef799b753495bb24f5e4ede27434d', '95a2a08e3e3b425f8e3e9a6dbf145d19', GeomFromText('POINT(108.897583 34.174152)'));
INSERT INTO `point` VALUES ('cd4cb9a78d6a415b82d9226593733fdc', '95a2a08e3e3b425f8e3e9a6dbf145d19', GeomFromText('POINT(108.897873 34.174171)'));
INSERT INTO `point` VALUES ('18b03b38b09a43408a4900509d61e7bd', '95a2a08e3e3b425f8e3e9a6dbf145d19', GeomFromText('POINT(108.897873 34.174171)'));
INSERT INTO `point` VALUES ('c7578edcf9064556a65e4474057608da', '95a2a08e3e3b425f8e3e9a6dbf145d19', GeomFromText('POINT(108.897873 34.173401)'));
INSERT INTO `point` VALUES ('0aa54c18bd04488fb075ed8985be6677', '95a2a08e3e3b425f8e3e9a6dbf145d19', GeomFromText('POINT(108.897873 34.172291)'));
INSERT INTO `point` VALUES ('d332663506e545e2b700a38f06dd8ff7', '95a2a08e3e3b425f8e3e9a6dbf145d19', GeomFromText('POINT(108.897888 34.171188)'));
INSERT INTO `point` VALUES ('69adc7133235403e9fed6836c40f0f28', '95a2a08e3e3b425f8e3e9a6dbf145d19', GeomFromText('POINT(108.898041 34.171188)'));
INSERT INTO `point` VALUES ('0244aa11ed3d4dc8b485350ff98f9423', '95a2a08e3e3b425f8e3e9a6dbf145d19', GeomFromText('POINT(108.898064 34.172157)'));
INSERT INTO `point` VALUES ('2cad94eadcfb4ef58671e3fdfbb6d110', '95a2a08e3e3b425f8e3e9a6dbf145d19', GeomFromText('POINT(108.898064 34.174454)'));
INSERT INTO `point` VALUES ('de79bbb7630a4ff199ce6f18db7ae527', '95a2a08e3e3b425f8e3e9a6dbf145d19', GeomFromText('POINT(108.898064 34.174622)'));
INSERT INTO `point` VALUES ('28680ddd389948d684200a5c6f85c82c', '95a2a08e3e3b425f8e3e9a6dbf145d19', GeomFromText('POINT(108.898064 34.174778)'));
INSERT INTO `point` VALUES ('d755f03c58264e9fb673257ae5ec8bd9', '95a2a08e3e3b425f8e3e9a6dbf145d19', GeomFromText('POINT(108.898071 34.176929)'));
INSERT INTO `point` VALUES ('0aceff5d28954e99b8b70b0bfc2faad8', '95a2a08e3e3b425f8e3e9a6dbf145d19', GeomFromText('POINT(108.898056 34.177589)'));
INSERT INTO `point` VALUES ('b116825fb1984b9fb34b0506fbbeb1b5', '95a2a08e3e3b425f8e3e9a6dbf145d19', GeomFromText('POINT(108.898064 34.178463)'));
INSERT INTO `point` VALUES ('15c62774c15b40f1a1521907184c3080', '95a2a08e3e3b425f8e3e9a6dbf145d19', GeomFromText('POINT(108.898064 34.178734)'));
INSERT INTO `point` VALUES ('5d293068ba1243aa9f422846a97eb72e', '95a2a08e3e3b425f8e3e9a6dbf145d19', GeomFromText('POINT(108.897873 34.178864)'));
INSERT INTO `point` VALUES ('cc60bef26dc140fa9e14573ce47f7e5c', '95a2a08e3e3b425f8e3e9a6dbf145d19', GeomFromText('POINT(108.897469 34.178814)'));
INSERT INTO `point` VALUES ('5bda925f29aa4160be6c41fd04168985', '95a2a08e3e3b425f8e3e9a6dbf145d19', GeomFromText('POINT(108.896713 34.178738)'));
INSERT INTO `point` VALUES ('3b9b02fdbca644608c1e8336fc3a60e8', '95a2a08e3e3b425f8e3e9a6dbf145d19', GeomFromText('POINT(108.896477 34.17873)'));
INSERT INTO `point` VALUES ('31424ddc729e4b168cac1cb269431948', '95a2a08e3e3b425f8e3e9a6dbf145d19', GeomFromText('POINT(108.896202 34.178711)'));
INSERT INTO `point` VALUES ('1881ce40a74b4b7b89c91e1f08dd32be', '95a2a08e3e3b425f8e3e9a6dbf145d19', GeomFromText('POINT(108.89563 34.178707)'));
INSERT INTO `point` VALUES ('ec661138c8104727b6a4094caab217e1', '95a2a08e3e3b425f8e3e9a6dbf145d19', GeomFromText('POINT(108.894394 34.178726)'));
INSERT INTO `point` VALUES ('3a0c777c94874cbc809141d1b3c7b19d', '95a2a08e3e3b425f8e3e9a6dbf145d19', GeomFromText('POINT(108.893585 34.178734)'));
INSERT INTO `point` VALUES ('9e61474d59aa476fa895fb537c3ed122', '95a2a08e3e3b425f8e3e9a6dbf145d19', GeomFromText('POINT(108.892204 34.178757)'));
INSERT INTO `point` VALUES ('3a61a4c24193486496fab4594f159cf2', '95a2a08e3e3b425f8e3e9a6dbf145d19', GeomFromText('POINT(108.892128 34.178761)'));
INSERT INTO `point` VALUES ('76611a422eda48d9a2a7f4149adc5bb2', '95a2a08e3e3b425f8e3e9a6dbf145d19', GeomFromText('POINT(108.891815 34.178772)'));
INSERT INTO `point` VALUES ('9c65a7f3dae94cad96a2dcd295d34bc3', '95a2a08e3e3b425f8e3e9a6dbf145d19', GeomFromText('POINT(108.891579 34.17878)'));
INSERT INTO `point` VALUES ('07e7702497fb4839937479c47e058a06', '95a2a08e3e3b425f8e3e9a6dbf145d19', GeomFromText('POINT(108.890953 34.178799)'));
INSERT INTO `point` VALUES ('bb5e7013fcb24932864c6b09f0f8cc87', '95a2a08e3e3b425f8e3e9a6dbf145d19', GeomFromText('POINT(108.888382 34.178841)'));
INSERT INTO `point` VALUES ('709ef5a9b9f74f9c864e1686a8f28557', '95a2a08e3e3b425f8e3e9a6dbf145d19', GeomFromText('POINT(108.888046 34.178844)'));
INSERT INTO `point` VALUES ('fcea91bd98c249f88cad70f85badabf9', '95a2a08e3e3b425f8e3e9a6dbf145d19', GeomFromText('POINT(108.887527 34.178852)'));
INSERT INTO `point` VALUES ('89e7f9dc8ab04a4e8acc99ef33e802cd', '95a2a08e3e3b425f8e3e9a6dbf145d19', GeomFromText('POINT(108.886162 34.178894)'));
INSERT INTO `point` VALUES ('04399eebda294986beee2942f6c86b4a', '95a2a08e3e3b425f8e3e9a6dbf145d19', GeomFromText('POINT(108.884079 34.178928)'));
INSERT INTO `point` VALUES ('7537898a3b5d4f6c8fc3b0e0e8ae6654', '95a2a08e3e3b425f8e3e9a6dbf145d19', GeomFromText('POINT(108.883949 34.178921)'));
INSERT INTO `point` VALUES ('9cb64f278be24bc19ed61783c8b39164', '95a2a08e3e3b425f8e3e9a6dbf145d19', GeomFromText('POINT(108.883583 34.17889)'));
INSERT INTO `point` VALUES ('d229fab2c4384a66a586ddb1c2a20fe1', '95a2a08e3e3b425f8e3e9a6dbf145d19', GeomFromText('POINT(108.883484 34.178848)'));
INSERT INTO `point` VALUES ('2854c77875e947f593a5a088b4a54e1e', '95a2a08e3e3b425f8e3e9a6dbf145d19', GeomFromText('POINT(108.883408 34.178802)'));
INSERT INTO `point` VALUES ('0318b97547c743d1bb6fe5cd00e64d2d', '95a2a08e3e3b425f8e3e9a6dbf145d19', GeomFromText('POINT(108.883308 34.178707)'));
INSERT INTO `point` VALUES ('6a09e5c054ff4a00b7146a840618456d', '95a2a08e3e3b425f8e3e9a6dbf145d19', GeomFromText('POINT(108.883141 34.178463)'));
INSERT INTO `point` VALUES ('d98e89f23f444628a3cb96d3bcf0b9b3', '95a2a08e3e3b425f8e3e9a6dbf145d19', GeomFromText('POINT(108.882935 34.178154)'));
INSERT INTO `point` VALUES ('af8689389343486985d14e8a8bb1d807', '95a2a08e3e3b425f8e3e9a6dbf145d19', GeomFromText('POINT(108.882935 34.178154)'));
INSERT INTO `point` VALUES ('6f1cfaf2ccba4b6eb2022dd71e0abafd', '95a2a08e3e3b425f8e3e9a6dbf145d19', GeomFromText('POINT(108.882919 34.178463)'));
INSERT INTO `point` VALUES ('0a31924b350442a797ca49c20d08dda0', '95a2a08e3e3b425f8e3e9a6dbf145d19', GeomFromText('POINT(108.882904 34.178711)'));
INSERT INTO `point` VALUES ('e067d90a50134439a9d9f97d9046e026', '95a2a08e3e3b425f8e3e9a6dbf145d19', GeomFromText('POINT(108.882881 34.179726)'));
INSERT INTO `point` VALUES ('9ee70e677d0c41b3bd67474bd4c57815', '95a2a08e3e3b425f8e3e9a6dbf145d19', GeomFromText('POINT(108.882797 34.179779)'));
INSERT INTO `point` VALUES ('259fa68d745748848a1cbf53d296d3a2', '95a2a08e3e3b425f8e3e9a6dbf145d19', GeomFromText('POINT(108.88237 34.179775)'));
INSERT INTO `point` VALUES ('f99b6342e47c41cf8410cd0284cf5de6', '95a2a08e3e3b425f8e3e9a6dbf145d19', GeomFromText('POINT(108.881538 34.179794)'));
INSERT INTO `point` VALUES ('acd04e026a964373b8481cc9ae6e3ce8', '95a2a08e3e3b425f8e3e9a6dbf145d19', GeomFromText('POINT(108.881439 34.17979)'));
INSERT INTO `point` VALUES ('224d66a254af4a389201a927a514350d', '95a2a08e3e3b425f8e3e9a6dbf145d19', GeomFromText('POINT(108.880501 34.179783)'));
INSERT INTO `point` VALUES ('e0e3017d57e74c5d88ea60959cff2c3e', '95a2a08e3e3b425f8e3e9a6dbf145d19', GeomFromText('POINT(108.880096 34.179779)'));
INSERT INTO `point` VALUES ('cb8c646285c64b1d9ea6b81244f65958', '95a2a08e3e3b425f8e3e9a6dbf145d19', GeomFromText('POINT(108.880013 34.179779)'));
INSERT INTO `point` VALUES ('9f5e34ac5e1440ff9be7eff3f6f862a8', '95a2a08e3e3b425f8e3e9a6dbf145d19', GeomFromText('POINT(108.879601 34.179775)'));
INSERT INTO `point` VALUES ('584605dfad14451282682909ada2b669', '95a2a08e3e3b425f8e3e9a6dbf145d19', GeomFromText('POINT(108.878349 34.179775)'));
INSERT INTO `point` VALUES ('45228de2756d426abd9511457605bd71', '95a2a08e3e3b425f8e3e9a6dbf145d19', GeomFromText('POINT(108.877739 34.179775)'));
INSERT INTO `point` VALUES ('10c542f34c08491c9700adfccaf923f0', '95a2a08e3e3b425f8e3e9a6dbf145d19', GeomFromText('POINT(108.877121 34.179775)'));
INSERT INTO `point` VALUES ('5c23675d1ffc4ed5a4cb3c196b7fd131', '95a2a08e3e3b425f8e3e9a6dbf145d19', GeomFromText('POINT(108.875549 34.179768)'));
INSERT INTO `point` VALUES ('3858692ae6e146e1b94edbfd9eb0a482', '95a2a08e3e3b425f8e3e9a6dbf145d19', GeomFromText('POINT(108.875496 34.179768)'));
INSERT INTO `point` VALUES ('ce03a40986aa4d24926defeab232c343', '95a2a08e3e3b425f8e3e9a6dbf145d19', GeomFromText('POINT(108.874504 34.179756)'));
INSERT INTO `point` VALUES ('98f15cc319584619b38e41be41093ccc', '95a2a08e3e3b425f8e3e9a6dbf145d19', GeomFromText('POINT(108.873566 34.179749)'));
INSERT INTO `point` VALUES ('075d287d6323435f8a16a7fb22fdf014', '95a2a08e3e3b425f8e3e9a6dbf145d19', GeomFromText('POINT(108.871864 34.179729)'));
INSERT INTO `point` VALUES ('26f893bfe2dc42bcb816d1d0c5c92612', '95a2a08e3e3b425f8e3e9a6dbf145d19', GeomFromText('POINT(108.869232 34.179699)'));
INSERT INTO `point` VALUES ('563709ff8db043dda61048cdf5cfeca9', '95a2a08e3e3b425f8e3e9a6dbf145d19', GeomFromText('POINT(108.869232 34.179699)'));
INSERT INTO `point` VALUES ('f59fdede3e584b88a1c1a12e8ad8aa7d', '95a2a08e3e3b425f8e3e9a6dbf145d19', GeomFromText('POINT(108.869232 34.181046)'));
INSERT INTO `point` VALUES ('952292c47f124dbb89f5fbe7932bcef9', '95a2a08e3e3b425f8e3e9a6dbf145d19', GeomFromText('POINT(108.869217 34.18243)'));
INSERT INTO `point` VALUES ('d85cd13551624568b949abaf39a8bd44', '95a2a08e3e3b425f8e3e9a6dbf145d19', GeomFromText('POINT(108.869217 34.182491)'));
INSERT INTO `point` VALUES ('461a632f82f740519798949f5984f413', '95a2a08e3e3b425f8e3e9a6dbf145d19', GeomFromText('POINT(108.869209 34.183781)'));
INSERT INTO `point` VALUES ('23888802e4024f679071c38d5ff881fc', '95a2a08e3e3b425f8e3e9a6dbf145d19', GeomFromText('POINT(108.869194 34.184933)'));
INSERT INTO `point` VALUES ('2f7f581a870f4fed9ecf0cad2278b24a', '95a2a08e3e3b425f8e3e9a6dbf145d19', GeomFromText('POINT(108.869217 34.185978)'));
INSERT INTO `point` VALUES ('cdcef38b3fdc47ac9ef0f08b22eadb5d', '95a2a08e3e3b425f8e3e9a6dbf145d19', GeomFromText('POINT(108.869255 34.186939)'));
INSERT INTO `point` VALUES ('5d6b7c32e8cd42949f0227353bbff8d5', '95a2a08e3e3b425f8e3e9a6dbf145d19', GeomFromText('POINT(108.869278 34.187992)'));
INSERT INTO `point` VALUES ('2e0ab263c3d849c5b840e4fe92fb0a47', '95a2a08e3e3b425f8e3e9a6dbf145d19', GeomFromText('POINT(108.869308 34.189396)'));
INSERT INTO `point` VALUES ('087251c00f1f41c9b01a6f1bc7be08ab', '95a2a08e3e3b425f8e3e9a6dbf145d19', GeomFromText('POINT(108.869308 34.189453)'));
INSERT INTO `point` VALUES ('a9f4f48787c7426397281ccd76d5a71b', '95a2a08e3e3b425f8e3e9a6dbf145d19', GeomFromText('POINT(108.869331 34.190388)'));
INSERT INTO `point` VALUES ('224f100565ea412691125c403ee15637', '95a2a08e3e3b425f8e3e9a6dbf145d19', GeomFromText('POINT(108.869354 34.191277)'));
INSERT INTO `point` VALUES ('b1448f6d02704a9182bd3e9550849550', '95a2a08e3e3b425f8e3e9a6dbf145d19', GeomFromText('POINT(108.869354 34.191319)'));
INSERT INTO `point` VALUES ('88059d1e1e404929b25886fdeddb9a0f', '95a2a08e3e3b425f8e3e9a6dbf145d19', GeomFromText('POINT(108.869354 34.191597)'));
INSERT INTO `point` VALUES ('7acbab57f45445e3b7d91b72c8cf8582', '95a2a08e3e3b425f8e3e9a6dbf145d19', GeomFromText('POINT(108.869362 34.192539)'));
INSERT INTO `point` VALUES ('b267988f35994d03a191ee8aa278a87a', '95a2a08e3e3b425f8e3e9a6dbf145d19', GeomFromText('POINT(108.869377 34.193775)'));
INSERT INTO `point` VALUES ('44ca531cf1c9490e9f52c75ac4c99660', '95a2a08e3e3b425f8e3e9a6dbf145d19', GeomFromText('POINT(108.869263 34.193913)'));
INSERT INTO `point` VALUES ('1d50b8d694584297a0818b5bcf291e1b', '95a2a08e3e3b425f8e3e9a6dbf145d19', GeomFromText('POINT(108.869003 34.194023)'));
INSERT INTO `point` VALUES ('2d5656a4d4584685811aca14c531995b', '95a2a08e3e3b425f8e3e9a6dbf145d19', GeomFromText('POINT(108.867477 34.194016)'));
INSERT INTO `point` VALUES ('9fa76eab170f41668a75d4af49feb88a', '95a2a08e3e3b425f8e3e9a6dbf145d19', GeomFromText('POINT(108.867477 34.194016)'));
INSERT INTO `point` VALUES ('13c52803f0c04eada34a6c6a3527a06e', '95a2a08e3e3b425f8e3e9a6dbf145d19', GeomFromText('POINT(108.867477 34.194099)'));
INSERT INTO `point` VALUES ('3fcb1ed2c56f4d818036eb35f517bf55', '95a2a08e3e3b425f8e3e9a6dbf145d19', GeomFromText('POINT(108.867477 34.194126)'));

-- ----------------------------
-- Table structure for reservation
-- ----------------------------
DROP TABLE IF EXISTS `reservation`;
CREATE TABLE `reservation` (
  `id` varchar(255) DEFAULT NULL,
  `line_id` varchar(255) DEFAULT NULL,
  `user_id` varchar(255) DEFAULT NULL,
  `gatherstart` geometry DEFAULT NULL COMMENT '上车点坐标',
  `downaddress` varchar(255) DEFAULT NULL COMMENT '下车点名称',
  `startmi` varchar(255) DEFAULT NULL COMMENT '距离上车点',
  `downmi` varchar(255) DEFAULT NULL COMMENT '下车行走多少米',
  `downend` geometry DEFAULT NULL COMMENT '下车点坐标',
  `end` geometry DEFAULT NULL COMMENT '我的终点坐标',
  `endtitle` varchar(255) DEFAULT NULL COMMENT '我的终点名称',
  `start` geometry DEFAULT NULL COMMENT '我的起点坐标',
  `starttitle` varchar(255) DEFAULT NULL COMMENT '我的起点名称',
  `offer` varchar(255) DEFAULT NULL COMMENT '报价',
  `phone` varchar(255) DEFAULT NULL COMMENT '电话',
  `everyday` int(11) DEFAULT '0' COMMENT '1是每天',
  `startdate` datetime DEFAULT NULL COMMENT '出发时间',
  `remark` varchar(255) DEFAULT NULL,
  `status` int(11) DEFAULT '0' COMMENT '0预订中1已预订2已完成3乘客取消预约4车主取消预约5乘客删除',
  `createdate` timestamp NULL DEFAULT CURRENT_TIMESTAMP ON UPDATE CURRENT_TIMESTAMP
) ENGINE=InnoDB DEFAULT CHARSET=utf8;

-- ----------------------------
-- Records of reservation
-- ----------------------------
INSERT INTO `reservation` VALUES ('2ffa19fb539641e9b55431207f00519b', '3a3ee771815e4718997a0bfbc42b5830', 'fbaf12944a5c456ab86b45079fee2f52', GeomFromText('POINT(108.89623 34.17348)'), '付村花园东区附近', '384米', '502米', GeomFromText('POINT(108.869232 34.181046)'), GeomFromText('POINT(108.86378 34.18082)'), '雁塔区付村小学-东门', GeomFromText('POINT(108.895903 34.170034)'), '曹家堡公租房小区', '15', '1871737372', '1', '2018-10-11 00:00:00', 'null', '1', '2018-10-11 17:58:04');
INSERT INTO `reservation` VALUES ('ad518dfb08fd458b8c3a3a1e674410df', '3a3ee771815e4718997a0bfbc42b5830', 'fbaf12944a5c456ab86b45079fee2f52', GeomFromText('POINT(108.89623 34.17348)'), '付村花园东区附近', '384米', '502米', GeomFromText('POINT(108.869232 34.181046)'), GeomFromText('POINT(108.86378 34.18082)'), '雁塔区付村小学-东门', GeomFromText('POINT(108.895903 34.170034)'), '曹家堡公租房小区', '15', '1871737372', '1', '2018-10-11 00:00:00', '123213', '1', '2018-10-11 18:00:39');
INSERT INTO `reservation` VALUES ('1872a260b5f44453a352850437a02ac8', '3a3ee771815e4718997a0bfbc42b5830', 'fbaf12944a5c456ab86b45079fee2f52', GeomFromText('POINT(108.89623 34.17348)'), '付村花园东区附近', '384米', '502米', GeomFromText('POINT(108.869232 34.181046)'), GeomFromText('POINT(108.86378 34.18082)'), '雁塔区付村小学-东门', GeomFromText('POINT(108.895903 34.170034)'), '曹家堡公租房小区', '15', '1871737372', '1', '2018-10-11 00:00:00', '123213', '4', '2018-10-11 18:02:58');
INSERT INTO `reservation` VALUES ('05a2185745d24b518f9680fa006c8a59', '3a3ee771815e4718997a0bfbc42b5830', 'fbaf12944a5c456ab86b45079fee2f52', GeomFromText('POINT(108.89623 34.17348)'), '付村花园东区附近', '0米', '549米', GeomFromText('POINT(108.869217 34.18243)'), GeomFromText('POINT(108.86331 34.18171)'), '付村花园', GeomFromText('POINT(108.89623 34.17348)'), '金地·西沣公元', '12', '123213', '1', '2018-10-11 00:00:00', '5345345', '4', '2018-10-11 18:05:45');
INSERT INTO `reservation` VALUES ('eba4c77011c54483acaec0a2440d9d16', '3a3ee771815e4718997a0bfbc42b5830', 'fbaf12944a5c456ab86b45079fee2f52', GeomFromText('POINT(108.89623 34.17348)'), '付村花园东区附近', '0米', '549米', GeomFromText('POINT(108.869217 34.18243)'), GeomFromText('POINT(108.86331 34.18171)'), '付村花园', GeomFromText('POINT(108.89623 34.17348)'), '金地·西沣公元', '12', '123213', '1', '2018-10-11 00:00:00', '5345345', '0', '2018-10-11 11:28:52');
INSERT INTO `reservation` VALUES ('6e862f02582c4d549533ae500f2bb48b', '3a3ee771815e4718997a0bfbc42b5830', 'fbaf12944a5c456ab86b45079fee2f52', GeomFromText('POINT(108.89623 34.17348)'), '西安神州数码科技园附近', '384米', '6米', GeomFromText('POINT(108.867477 34.194126)'), GeomFromText('POINT(108.86741 34.19413)'), '神州数码西安科技园', GeomFromText('POINT(108.895903 34.170034)'), '曹家堡公租房小区', '15', '18717155444', '1', '2018-10-11 00:00:00', 'null', '0', '2018-10-11 12:10:04');

-- ----------------------------
-- Table structure for user
-- ----------------------------
DROP TABLE IF EXISTS `user`;
CREATE TABLE `user` (
  `id` varchar(32) DEFAULT NULL,
  `username` varchar(50) DEFAULT NULL,
  `wxid` varchar(50) DEFAULT NULL,
  `phone` varchar(50) DEFAULT NULL,
  `img` varchar(500) DEFAULT NULL,
  `credit` varchar(255) DEFAULT '0',
  `createdate` timestamp NULL DEFAULT CURRENT_TIMESTAMP ON UPDATE CURRENT_TIMESTAMP
) ENGINE=InnoDB DEFAULT CHARSET=utf8;

-- ----------------------------
-- Records of user
-- ----------------------------
INSERT INTO `user` VALUES ('fbaf12944a5c456ab86b45079fee2f52', 'zyx', 'ovtTW5UfIDsfxg-bkLJ60_8AYPC8', null, 'https://wx.qlogo.cn/mmopen/vi_32/DYAIOgq83eriaibsyvz5EwfLroRrTJNT1lbKK3y1pSz2OdN92Z71n0UZ0037N8BxiahPqTibfdFhMazY5Zkr5apYWQ/132', null, '2018-09-12 16:24:26');
